Name,PA_16,OBP_16,PA_17,OBP_17,PA_18,OBP_18,PA_19,OBP_19,PA_20,OBP_20,OBP_21,mse,Weighted_OBP,Predicted_OBP_21
Trayce Thompson,262.0,0.302,55.0,0.218,137.0,0.162,,,,,0.4,0.0030304514737472805,0.2495770925110132,0.3046199999999997
Mike Trout,681.0,0.441,507.0,0.442,608.0,0.46,600.0,0.4379999999999999,241.0,0.39,0.466,0.0030304514737472805,0.440229427379598,0.4482500000000006
Bryce Harper,627.0,0.373,492.0,0.413,695.0,0.3929999999999999,682.0,0.372,244.0,0.42,0.429,0.0030304514737472805,0.3891919708029197,0.3586999999999997
Chris Owings,466.0,0.315,386.0,0.299,309.0,0.272,196.0,0.209,44.0,0.318,0.42,0.0030304514737472805,0.286372591006424,0.3735400000000005
Juan Soto,,,,,494.0,0.406,659.0,0.401,196.0,0.49,0.465,0.0030304514737472805,0.4157620459599704,0.43597000000000063
Vladimir Guerrero Jr.,,,,,,,514.0,0.3389999999999999,243.0,0.3289999999999999,0.401,0.0030304514737472805,0.335789960369881,0.3657400000000002
Byron Buxton,331.0,0.284,511.0,0.314,94.0,0.183,295.0,0.314,135.0,0.267,0.358,0.0030304514737472805,0.29307101024890186,0.3332200000000002
Ronald Acuna Jr.,,,,,487.0,0.366,715.0,0.365,202.0,0.406,0.3939999999999999,0.0030304514737472805,0.3712457264957265,0.37851999999999963
Brandon Belt,655.0,0.3939999999999999,451.0,0.355,456.0,0.342,616.0,0.3389999999999999,179.0,0.425,0.3779999999999999,0.0030304514737472805,0.36445736105218496,0.3419899999999999
Jesse Winker,,,137.0,0.375,334.0,0.405,384.0,0.357,183.0,0.3879999999999999,0.3939999999999999,0.0030304514737472805,0.38028612716763005,0.3474900000000002
Frank Schwindel,,,,,,,15.0,0.067,,,0.371,0.0030304514737472805,0.067,0.33461999999999975
Fernando Tatis Jr.,,,,,,,372.0,0.379,257.0,0.366,0.364,0.0030304514737472805,0.3736883942766296,0.34831000000000045
Yasmani Grandal,457.0,0.3389999999999999,482.0,0.308,518.0,0.349,632.0,0.38,194.0,0.351,0.42,0.0030304514737472805,0.34709373631187035,0.3844200000000005
Luis Robert,,,,,,,,,227.0,0.302,0.3779999999999999,0.0030304514737472805,0.302,0.35403999999999974
Shohei Ohtani,,,,,367.0,0.361,425.0,0.3429999999999999,175.0,0.291,0.372,0.0030304514737472805,0.34042088934850046,0.3538
Kyle Schwarber,5.0,0.2,486.0,0.315,510.0,0.356,610.0,0.3389999999999999,224.0,0.308,0.374,0.0030304514737472805,0.3332054495912806,0.3593199999999998
Joey Votto,677.0,0.434,707.0,0.4539999999999999,623.0,0.417,608.0,0.357,223.0,0.354,0.375,0.0030304514737472805,0.41246828752642706,0.38537000000000005
Nick Castellanos,447.0,0.331,665.0,0.32,678.0,0.354,664.0,0.337,242.0,0.298,0.362,0.0030304514737472805,0.3325864243323442,0.34696999999999956
Corey Seager,687.0,0.365,613.0,0.375,115.0,0.348,541.0,0.335,232.0,0.358,0.3939999999999999,0.0030304514737472805,0.3587481718464351,0.32313999999999976
Aaron Judge,95.0,0.263,678.0,0.422,498.0,0.392,447.0,0.381,114.0,0.336,0.373,0.0030304514737472805,0.39024454148471616,0.3742500000000002
Trea Turner,324.0,0.37,447.0,0.3379999999999999,740.0,0.344,569.0,0.353,259.0,0.3939999999999999,0.375,0.0030304514737472805,0.3541808465156049,0.3603700000000001
Bryan Reynolds,,,,,,,546.0,0.377,208.0,0.275,0.39,0.0030304514737472805,0.3488620689655173,0.3721700000000004
Ketel Marte,466.0,0.287,255.0,0.345,580.0,0.332,628.0,0.389,195.0,0.3229999999999999,0.377,0.0030304514737472805,0.3397146892655367,0.33637000000000006
Darin Ruf,89.0,0.236,,,,,,,100.0,0.37,0.385,0.0030304514737472805,0.3068994708994709,0.3587400000000003
John Hicks,2.0,0.5,190.0,0.326,312.0,0.312,333.0,0.24,,,0.258,0.0030304514737472805,0.2869820788530466,0.2648499999999996
Tyler O'Neill,,,,,142.0,0.303,151.0,0.311,157.0,0.261,0.352,0.0030304514737472805,0.29103111111111113,0.33607
C.J. Cron,445.0,0.325,373.0,0.305,560.0,0.3229999999999999,499.0,0.311,52.0,0.346,0.375,0.0030304514737472805,0.3174966303784344,0.33897
Kyle Tucker,,,,,72.0,0.236,72.0,0.319,228.0,0.325,0.359,0.0030304514737472805,0.3066129032258065,0.3383500000000002
George Springer,744.0,0.359,629.0,0.367,620.0,0.346,556.0,0.3829999999999999,222.0,0.359,0.352,0.0030304514737472805,0.36272284373872243,0.34211000000000014
Austin Riley,,,,,,,297.0,0.2789999999999999,206.0,0.301,0.367,0.0030304514737472805,0.2880099403578528,0.3323300000000002
Freddie Freeman,693.0,0.4,514.0,0.4029999999999999,707.0,0.3879999999999999,692.0,0.389,262.0,0.462,0.3929999999999999,0.0030304514737472805,0.4005892608089261,0.36815000000000014
Buster Posey,614.0,0.362,568.0,0.4,448.0,0.359,445.0,0.32,,,0.39,0.0030304514737472805,0.3627469879518072,0.3636200000000001
Max Muncy,133.0,0.308,,,481.0,0.391,589.0,0.374,248.0,0.331,0.368,0.0030304514737472805,0.36623638869745,0.3538299999999998
Matt Olson,28.0,0.321,216.0,0.352,660.0,0.335,547.0,0.351,245.0,0.31,0.371,0.0030304514737472805,0.3384829009433962,0.31842000000000004
Brandon Crawford,623.0,0.342,570.0,0.305,594.0,0.325,560.0,0.304,193.0,0.326,0.373,0.0030304514737472805,0.32012755905511814,0.34253999999999996
Greg Allen,,,39.0,0.282,291.0,0.31,256.0,0.29,32.0,0.281,0.417,0.0030304514737472805,0.29844660194174755,0.3899500000000005
A.J. Pollock,46.0,0.326,466.0,0.33,460.0,0.316,342.0,0.327,210.0,0.314,0.355,0.0030304514737472805,0.3227755905511811,0.3464000000000001
Paul Goldschmidt,705.0,0.411,665.0,0.4039999999999999,690.0,0.389,682.0,0.346,231.0,0.417,0.365,0.0030304514737472805,0.3898836192398251,0.36790999999999974
Rafael Devers,,,240.0,0.3379999999999999,490.0,0.298,702.0,0.361,248.0,0.31,0.352,0.0030304514737472805,0.3318107142857143,0.34371999999999986
Jose Ramirez,618.0,0.363,645.0,0.374,698.0,0.387,542.0,0.327,254.0,0.386,0.355,0.0030304514737472805,0.3666913311570548,0.32072000000000017
Cedric Mullins II,,,,,191.0,0.312,74.0,0.181,153.0,0.315,0.36,0.0030304514737472805,0.28990669856459333,0.34393999999999975
Mitch Garver,,,52.0,0.288,335.0,0.335,359.0,0.365,81.0,0.247,0.358,0.0030304514737472805,0.33644860943168076,0.34101
Giancarlo Stanton,470.0,0.326,692.0,0.376,705.0,0.3429999999999999,72.0,0.4029999999999999,94.0,0.387,0.354,0.0030304514737472805,0.3544618789965568,0.3442399999999997
Yordan Alvarez,,,,,,,369.0,0.412,9.0,0.3329999999999999,0.346,0.0030304514737472805,0.41011904761904755,0.3570099999999997
Brandon Nimmo,80.0,0.3379999999999999,215.0,0.379,535.0,0.4039999999999999,254.0,0.375,225.0,0.4039999999999999,0.401,0.0030304514737472805,0.3902330022918258,0.39031000000000027
Teoscar Hernandez,112.0,0.304,95.0,0.305,523.0,0.302,464.0,0.306,207.0,0.34,0.346,0.0030304514737472805,0.3093026409707352,0.3345
Xander Bogaerts,719.0,0.356,635.0,0.3429999999999999,580.0,0.36,698.0,0.384,225.0,0.364,0.37,0.0030304514737472805,0.36139341967098354,0.33366000000000023
Marcus Semien,621.0,0.3,386.0,0.325,703.0,0.318,747.0,0.369,236.0,0.305,0.3339999999999999,0.0030304514737472805,0.32786000742666166,0.33185999999999977
Garrett Cooper,,,45.0,0.3329999999999999,38.0,0.316,421.0,0.344,133.0,0.353,0.38,0.0030304514737472805,0.3434317111459968,0.34642999999999996
Connor Joe,,,,,,,16.0,0.125,,,0.379,0.0030304514737472805,0.125,0.32610000000000033
Mookie Betts,730.0,0.363,712.0,0.344,614.0,0.4379999999999999,706.0,0.391,246.0,0.366,0.367,0.0030304514737472805,0.38062898936170214,0.35948000000000013
Rhys Hoskins,,,212.0,0.396,660.0,0.354,705.0,0.364,185.0,0.384,0.3339999999999999,0.0030304514737472805,0.3662043132803632,0.3364099999999998
Starling Marte,529.0,0.362,339.0,0.3329999999999999,606.0,0.327,586.0,0.342,250.0,0.34,0.3829999999999999,0.0030304514737472805,0.34110779220779225,0.3585199999999999
J.D. Martinez,517.0,0.373,489.0,0.376,649.0,0.402,657.0,0.3829999999999999,237.0,0.291,0.349,0.0030304514737472805,0.37591251471165166,0.34880999999999995
Will Smith,,,,,,,196.0,0.337,137.0,0.401,0.365,0.0030304514737472805,0.36333033033033035,0.3508799999999998
Carlos Correa,660.0,0.361,481.0,0.391,468.0,0.3229999999999999,321.0,0.358,221.0,0.326,0.366,0.0030304514737472805,0.3553970246397025,0.33356
Brandon Lowe,,,,,148.0,0.324,327.0,0.336,224.0,0.362,0.34,0.0030304514737472805,0.34179113018598,0.3158599999999999
Yuli Gurriel,137.0,0.292,564.0,0.332,573.0,0.3229999999999999,612.0,0.3429999999999999,230.0,0.2739999999999999,0.3829999999999999,0.0030304514737472805,0.3238501890359167,0.34513999999999984
Pete Alonso,,,,,,,693.0,0.358,239.0,0.326,0.344,0.0030304514737472805,0.349793991416309,0.3417600000000005
Salvador Perez,546.0,0.288,499.0,0.297,544.0,0.2739999999999999,,,156.0,0.353,0.316,0.0030304514737472805,0.2920200573065902,0.3092999999999998
Mike Zunino,192.0,0.318,435.0,0.331,405.0,0.259,289.0,0.2319999999999999,84.0,0.238,0.301,0.0030304514737472805,0.2825451957295374,0.31842999999999977
Justin Turner,622.0,0.3389999999999999,543.0,0.415,426.0,0.406,549.0,0.372,175.0,0.4,0.361,0.0030304514737472805,0.381592656587473,0.3578700000000001
Luke Maile,126.0,0.252,136.0,0.176,231.0,0.3329999999999999,129.0,0.205,,,0.382,0.0030304514737472805,0.2557170418006431,0.3202300000000004
J.D. Davis,,,68.0,0.2789999999999999,113.0,0.248,453.0,0.369,229.0,0.371,0.384,0.0030304514737472805,0.3465955967555041,0.33300000000000024
Jared Walsh,,,,,,,87.0,0.276,108.0,0.324,0.34,0.0030304514737472805,0.3025846153846154,0.3404
Jose Altuve,717.0,0.396,662.0,0.41,599.0,0.386,548.0,0.353,210.0,0.286,0.35,0.0030304514737472805,0.3801425438596491,0.35041000000000055
Kris Bryant,699.0,0.385,665.0,0.409,457.0,0.374,634.0,0.382,147.0,0.293,0.353,0.0030304514737472805,0.38327325134511914,0.3493900000000005
Rafael Ortega,202.0,0.283,,,143.0,0.287,96.0,0.271,,,0.36,0.0030304514737472805,0.28168480725623585,0.33512999999999965
Adam Engel,,,336.0,0.235,463.0,0.2789999999999999,248.0,0.304,93.0,0.3329999999999999,0.336,0.0030304514737472805,0.27587543859649116,0.23579999999999998
Franmil Reyes,,,,,285.0,0.34,548.0,0.31,241.0,0.344,0.324,0.0030304514737472805,0.32559031657355675,0.30279999999999996
Jose Abreu,695.0,0.353,675.0,0.354,553.0,0.325,693.0,0.33,262.0,0.37,0.351,0.0030304514737472805,0.34386379430159836,0.32396999999999976
Bo Bichette,,,,,,,212.0,0.358,128.0,0.3279999999999999,0.3429999999999999,0.0030304514737472805,0.34670588235294114,0.3433199999999998
Ty France,,,,,,,201.0,0.294,155.0,0.368,0.368,0.0030304514737472805,0.3262191011235955,0.31274000000000024
Josh Donaldson,700.0,0.4039999999999999,496.0,0.385,219.0,0.352,659.0,0.379,102.0,0.373,0.352,0.0030304514737472805,0.3854113051470588,0.3443200000000003
Delino DeShields,203.0,0.275,440.0,0.347,393.0,0.31,408.0,0.325,120.0,0.31,0.375,0.0030304514737472805,0.31977941176470587,0.35359999999999997
Evan Longoria,685.0,0.318,677.0,0.313,512.0,0.281,508.0,0.325,209.0,0.297,0.351,0.0030304514737472805,0.30906059436511,0.30123
Josh Bell,152.0,0.368,620.0,0.3339999999999999,583.0,0.357,613.0,0.367,223.0,0.305,0.347,0.0030304514737472805,0.34875992697398445,0.3447200000000003
Tony Kemp,136.0,0.296,39.0,0.256,295.0,0.351,279.0,0.291,114.0,0.363,0.382,0.0030304514737472805,0.3202271147161066,0.3212499999999999
Manny Machado,696.0,0.3429999999999999,690.0,0.31,709.0,0.367,661.0,0.3339999999999999,254.0,0.37,0.347,0.0030304514737472805,0.34139036544850493,0.31211999999999995
Randy Arozarena,,,,,,,23.0,0.391,76.0,0.382,0.356,0.0030304514737472805,0.3840909090909091,0.3105400000000003
Willy Adames,,,,,323.0,0.348,584.0,0.317,205.0,0.332,0.337,0.0030304514737472805,0.3287697841726619,0.33331999999999984
Jorge Polanco,270.0,0.332,544.0,0.313,333.0,0.345,704.0,0.356,226.0,0.304,0.3229999999999999,0.0030304514737472805,0.3341959557053442,0.31609000000000015
Joey Gallo,30.0,0.2,532.0,0.3329999999999999,577.0,0.312,297.0,0.389,226.0,0.301,0.351,0.0030304514737472805,0.3289645006016847,0.3337800000000001
Yoan Moncada,20.0,0.25,231.0,0.3379999999999999,650.0,0.315,559.0,0.367,231.0,0.32,0.375,0.0030304514737472805,0.33524600827912476,0.35901000000000005
Jason Castro,376.0,0.307,407.0,0.3329999999999999,74.0,0.257,275.0,0.332,92.0,0.293,0.356,0.0030304514737472805,0.317187091503268,0.29997999999999986
Michael Brantley,43.0,0.2789999999999999,375.0,0.357,631.0,0.364,637.0,0.372,187.0,0.364,0.362,0.0030304514737472805,0.36336785904965296,0.3529899999999998
Patrick Wisdom,,,,,58.0,0.362,28.0,0.185,2.0,0.0,0.305,0.0030304514737472805,0.2974545454545454,0.2720699999999998
Nelson Cruz,667.0,0.36,645.0,0.375,591.0,0.342,521.0,0.392,214.0,0.397,0.3339999999999999,0.0030304514737472805,0.36895640636846094,0.3270499999999999
Tyler Stephenson,,,,,,,,,20.0,0.4,0.366,0.0030304514737472805,0.4,0.3478199999999998
Thairo Estrada,,,,,,,69.0,0.294,52.0,0.231,0.3329999999999999,0.0030304514737472805,0.26692561983471075,0.31747666666666613
Avisail Garcia,453.0,0.307,561.0,0.38,385.0,0.281,530.0,0.332,207.0,0.3329999999999999,0.33,0.0030304514737472805,0.33020926966292136,0.30820999999999993
Tyler Naquin,365.0,0.372,40.0,0.25,183.0,0.295,294.0,0.325,141.0,0.248,0.3329999999999999,0.0030304514737472805,0.32285728250244383,0.33028999999999953
Tim Anderson,431.0,0.306,606.0,0.276,606.0,0.281,518.0,0.357,221.0,0.357,0.3379999999999999,0.0030304514737472805,0.3078299748110831,0.31830000000000014
Jeimer Candelario,14.0,0.286,142.0,0.359,619.0,0.317,386.0,0.306,206.0,0.369,0.351,0.0030304514737472805,0.32577542062911485,0.2931300000000002
Javier Baez,450.0,0.314,508.0,0.317,645.0,0.326,561.0,0.316,235.0,0.238,0.319,0.0030304514737472805,0.3108845352230096,0.31479999999999997
Hunter Renfroe,36.0,0.389,479.0,0.284,441.0,0.302,494.0,0.289,139.0,0.252,0.315,0.0030304514737472805,0.2901296412838263,0.31291000000000024
Santiago Espinal,,,,,,,,,66.0,0.308,0.376,0.0030304514737472805,0.308,0.33763000000000026
LaMonte Wade Jr.,,,,,,,69.0,0.348,44.0,0.318,0.326,0.0030304514737472805,0.33631858407079646,0.3032700000000002
Brendan Rodgers,,,,,,,81.0,0.272,21.0,0.095,0.3279999999999999,0.0030304514737472805,0.23555882352941176,0.3199799999999997
Trevor Story,415.0,0.341,555.0,0.308,656.0,0.348,656.0,0.363,259.0,0.355,0.3289999999999999,0.0030304514737472805,0.3427060212514758,0.3229800000000003
Jake Cronenworth,,,,,,,,,192.0,0.354,0.34,0.0030304514737472805,0.3539999999999999,0.3240099999999999
Ramon Urias,,,,,,,,,27.0,0.407,0.361,0.0030304514737472805,0.407,0.32373999999999975
Adam Frazier,160.0,0.356,454.0,0.344,352.0,0.342,608.0,0.336,230.0,0.297,0.368,0.0030304514737472805,0.3359855875831485,0.34965999999999986
Luis Urias,,,,,53.0,0.264,249.0,0.3289999999999999,120.0,0.308,0.345,0.0030304514737472805,0.3148649289099526,0.32417999999999964
Mitch Haniger,123.0,0.309,410.0,0.352,683.0,0.366,283.0,0.314,,,0.318,0.0030304514737472805,0.34767645096731153,0.3386400000000003
Matt Beaty,,,,,,,268.0,0.317,54.0,0.278,0.363,0.0030304514737472805,0.3104596273291926,0.33306999999999976
Jesus Sanchez,,,,,,,,,29.0,0.172,0.319,0.0030304514737472805,0.172,0.31217999999999985
Anthony Rizzo,676.0,0.385,691.0,0.392,665.0,0.376,613.0,0.405,243.0,0.342,0.344,0.0030304514737472805,0.38522957063711916,0.34358000000000033
Jake Rogers,,,,,,,128.0,0.222,,,0.306,0.0030304514737472805,0.222,0.3015800000000002
Chris Taylor,65.0,0.262,568.0,0.354,604.0,0.331,414.0,0.3329999999999999,214.0,0.366,0.344,0.0030304514737472805,0.34006005361930286,0.33968000000000026
Enrique Hernandez,244.0,0.283,342.0,0.308,462.0,0.336,460.0,0.304,148.0,0.27,0.337,0.0030304514737472805,0.3076207729468599,0.3273099999999999
Jean Segura,694.0,0.368,566.0,0.349,632.0,0.341,618.0,0.3229999999999999,217.0,0.347,0.348,0.0030304514737472805,0.3459299596626329,0.33014999999999994
Robbie Grossman,389.0,0.386,456.0,0.361,465.0,0.367,482.0,0.3339999999999999,192.0,0.344,0.357,0.0030304514737472805,0.3591033266129032,0.34580999999999973
Jordan Luplow,,,87.0,0.276,103.0,0.272,261.0,0.372,92.0,0.304,0.326,0.0030304514737472805,0.32612891344383055,0.3136800000000002
Wilmer Flores,335.0,0.319,362.0,0.307,429.0,0.319,285.0,0.361,213.0,0.315,0.335,0.0030304514737472805,0.3231711822660099,0.32642000000000043
Willson Contreras,283.0,0.357,428.0,0.356,544.0,0.3389999999999999,409.0,0.355,225.0,0.356,0.34,0.0030304514737472805,0.35103758602435153,0.3399900000000002
Nathaniel Lowe,,,,,,,169.0,0.325,76.0,0.316,0.357,0.0030304514737472805,0.32220816326530616,0.32797999999999966
Kolten Wong,361.0,0.327,411.0,0.376,407.0,0.332,549.0,0.361,208.0,0.35,0.335,0.0030304514737472805,0.3505661157024793,0.33811000000000035
Robinson Chirinos,170.0,0.314,309.0,0.36,426.0,0.3379999999999999,437.0,0.347,82.0,0.2319999999999999,0.324,0.0030304514737472805,0.33656671348314604,0.3269900000000004
Nolan Arenado,696.0,0.362,680.0,0.373,673.0,0.374,662.0,0.379,201.0,0.303,0.312,0.0030304514737472805,0.367134271978022,0.32011000000000034
Ozzie Albies,,,244.0,0.354,684.0,0.305,702.0,0.352,124.0,0.306,0.31,0.0030304514737472805,0.33069783352337506,0.31919999999999976
Dylan Carlson,,,,,,,,,119.0,0.252,0.3429999999999999,0.0030304514737472805,0.252,0.31745999999999985
J.T. Realmuto,545.0,0.3429999999999999,579.0,0.332,531.0,0.34,593.0,0.3279999999999999,195.0,0.349,0.3429999999999999,0.0030304514737472805,0.3365787965616045,0.33772999999999986
Alex Bregman,217.0,0.313,626.0,0.352,705.0,0.3939999999999999,690.0,0.423,180.0,0.35,0.355,0.0030304514737472805,0.38085732009925555,0.35431000000000007
Dustin Garneau,75.0,0.293,126.0,0.272,3.0,0.667,101.0,0.35,46.0,0.273,0.25,0.0030304514737472805,0.3024387464387464,0.3026300000000002
Nick Madrigal,,,,,,,,,109.0,0.376,0.349,0.0030304514737472805,0.376,0.3311600000000001
Ryan Mountcastle,,,,,,,,,140.0,0.386,0.309,0.0030304514737472805,0.386,0.31069000000000024
Andrew McCutchen,675.0,0.336,650.0,0.363,682.0,0.368,262.0,0.3779999999999999,241.0,0.324,0.3339999999999999,0.0030304514737472805,0.3549187250996016,0.33781
Eduardo Escobar,377.0,0.28,499.0,0.309,631.0,0.3339999999999999,699.0,0.32,222.0,0.27,0.314,0.0030304514737472805,0.3105951400329489,0.31296000000000007
Ji-Man Choi,129.0,0.271,18.0,0.3329999999999999,221.0,0.357,487.0,0.363,145.0,0.331,0.348,0.0030304514737472805,0.344626,0.33243
Ryan McMahon,,,24.0,0.3329999999999999,202.0,0.307,539.0,0.3289999999999999,193.0,0.295,0.331,0.0030304514737472805,0.31761169102296444,0.32234999999999986
Alex Verdugo,,,25.0,0.24,86.0,0.3289999999999999,377.0,0.342,221.0,0.367,0.351,0.0030304514737472805,0.3446191819464034,0.3222900000000001
Bobby Dalbec,,,,,,,,,92.0,0.359,0.298,0.0030304514737472805,0.359,0.29113999999999995
Jesus Aguilar,6.0,0.0,311.0,0.331,566.0,0.352,369.0,0.325,216.0,0.352,0.3289999999999999,0.0030304514737472805,0.3393256130790191,0.32069000000000014
Brandon Drury,499.0,0.3289999999999999,480.0,0.317,86.0,0.256,447.0,0.262,49.0,0.184,0.307,0.0030304514737472805,0.29755092889173607,0.30215999999999976
Taylor Ward,,,,,147.0,0.245,48.0,0.292,102.0,0.3329999999999999,0.332,0.0030304514737472805,0.28281818181818175,0.31328000000000045
Mark Canha,44.0,0.14,187.0,0.262,411.0,0.3279999999999999,497.0,0.396,243.0,0.387,0.358,0.0030304514737472805,0.3479124457308249,0.34972000000000014
Lourdes Gurriel Jr.,,,,,263.0,0.309,343.0,0.327,224.0,0.348,0.319,0.0030304514737472805,0.32696385542168677,0.3315600000000002
Tres Barrera,,,,,,,2.0,0.0,,,0.374,0.0030304514737472805,0.0,0.34729999999999983
Charlie Blackmon,641.0,0.381,725.0,0.3989999999999999,696.0,0.358,634.0,0.364,247.0,0.356,0.351,0.0030304514737472805,0.3742344546381243,0.3501899999999997
Tyrone Taylor,,,,,,,12.0,0.5,41.0,0.293,0.321,0.0030304514737472805,0.33986792452830183,0.29370999999999986
Christian Arroyo,,,135.0,0.244,59.0,0.3389999999999999,57.0,0.304,54.0,0.296,0.324,0.0030304514737472805,0.2827967213114754,0.31509000000000054
Luke Voit,,,124.0,0.306,161.0,0.3979999999999999,510.0,0.3779999999999999,234.0,0.3379999999999999,0.3279999999999999,0.0030304514737472805,0.36335665694849356,0.3342899999999998
Andy Young,,,,,,,,,34.0,0.382,0.298,0.0030304514737472805,0.382,0.2990899999999995
Miguel Sano,495.0,0.319,483.0,0.352,299.0,0.281,439.0,0.346,205.0,0.278,0.312,0.0030304514737472805,0.32317751171264963,0.3185900000000002
Brad Miller,601.0,0.304,407.0,0.327,254.0,0.311,170.0,0.3289999999999999,171.0,0.357,0.321,0.0030304514737472805,0.31925389893948847,0.32019000000000036
Harrison Bader,,,92.0,0.283,427.0,0.3339999999999999,406.0,0.314,125.0,0.336,0.324,0.0030304514737472805,0.3220361904761905,0.32726000000000055
Wil Myers,676.0,0.336,649.0,0.3279999999999999,343.0,0.318,490.0,0.321,218.0,0.353,0.3339999999999999,0.0030304514737472805,0.3296826599326598,0.3188099999999998
Alejandro Kirk,,,,,,,,,25.0,0.4,0.3279999999999999,0.0030304514737472805,0.4,0.32479999999999976
Elias Diaz,4.0,0.0,200.0,0.265,277.0,0.3389999999999999,332.0,0.296,73.0,0.288,0.31,0.0030304514737472805,0.3004503386004514,0.3027699999999997
Nico Hoerner,,,,,,,82.0,0.305,126.0,0.312,0.382,0.0030304514737472805,0.3092403846153846,0.3582000000000003
Max Schrock,,,,,,,,,17.0,0.176,0.3279999999999999,0.0030304514737472805,0.176,0.3128499999999998
Danny Jansen,,,,,95.0,0.347,384.0,0.2789999999999999,147.0,0.313,0.299,0.0030304514737472805,0.29730351437699676,0.31650999999999974
Nicky Lopez,,,,,,,402.0,0.276,192.0,0.286,0.365,0.0030304514737472805,0.2792323232323232,0.23406999999999978
Carson Kelly,14.0,0.214,75.0,0.24,42.0,0.205,365.0,0.348,129.0,0.264,0.3429999999999999,0.0030304514737472805,0.3050912,0.32547000000000004
Austin Hays,,,63.0,0.238,,,75.0,0.373,134.0,0.3279999999999999,0.308,0.0030304514737472805,0.31956249999999997,0.2995599999999999
Ian Happ,,,413.0,0.3279999999999999,462.0,0.353,156.0,0.3329999999999999,231.0,0.361,0.3229999999999999,0.0030304514737472805,0.34381061806656094,0.3244300000000001
Andrew Benintendi,118.0,0.359,658.0,0.352,661.0,0.366,615.0,0.3429999999999999,52.0,0.314,0.324,0.0030304514737472805,0.3532210076045627,0.3282400000000004
Lane Thomas,,,,,,,44.0,0.409,40.0,0.2,0.341,0.0030304514737472805,0.30947619047619046,0.3239400000000004
Ramon Laureano,,,,,176.0,0.358,481.0,0.34,222.0,0.3379999999999999,0.317,0.0030304514737472805,0.343098976109215,0.30504000000000003
Steven Duggar,,,,,152.0,0.303,281.0,0.278,36.0,0.222,0.33,0.0030304514737472805,0.28180383795309166,0.31930999999999954
Austin Meadows,,,,,191.0,0.325,591.0,0.364,152.0,0.296,0.315,0.0030304514737472805,0.34495824411134907,0.3182100000000003
Josh Rojas,,,,,,,157.0,0.312,70.0,0.257,0.341,0.0030304514737472805,0.2950396475770925,0.3373600000000003
Matt Duffy,366.0,0.31,,,560.0,0.361,169.0,0.3429999999999999,,,0.357,0.0030304514737472805,0.34117534246575343,0.34425999999999973
Max Stassi,13.0,0.077,31.0,0.3229999999999999,250.0,0.316,147.0,0.211,105.0,0.352,0.326,0.0030304514737472805,0.2893608058608058,0.3125900000000002
Trey Mancini,15.0,0.4,586.0,0.3379999999999999,636.0,0.299,679.0,0.364,,,0.326,0.0030304514737472805,0.3347536534446764,0.32499000000000017
Mike Yastrzemski,,,,,,,411.0,0.3339999999999999,225.0,0.4,0.311,0.0030304514737472805,0.35734905660377353,0.32042000000000004
Kevin Plawecki,151.0,0.298,118.0,0.364,277.0,0.315,174.0,0.287,89.0,0.3929999999999999,0.349,0.0030304514737472805,0.32153275648949314,0.33564000000000005
Yandy Diaz,,,179.0,0.352,120.0,0.375,347.0,0.34,138.0,0.428,0.353,0.0030304514737472805,0.3635867346938776,0.34467000000000025
Christian Yelich,659.0,0.376,695.0,0.369,651.0,0.402,580.0,0.429,247.0,0.356,0.362,0.0030304514737472805,0.38936899717514123,0.3619599999999996
Keibert Ruiz,,,,,,,,,8.0,0.25,0.3329999999999999,0.0030304514737472805,0.25,0.29086999999999963
Alcides Escobar,682.0,0.292,629.0,0.272,531.0,0.2789999999999999,,,,,0.34,0.0030304514737472805,0.2814229098805645,0.32605999999999996
Daniel Vogelbach,13.0,0.154,31.0,0.29,102.0,0.324,558.0,0.341,136.0,0.331,0.349,0.0030304514737472805,0.3325404761904763,0.33039999999999997
Josh Harrison,522.0,0.311,542.0,0.3389999999999999,374.0,0.293,147.0,0.218,91.0,0.352,0.341,0.0030304514737472805,0.31010739856801905,0.3113899999999999
Donovan Solano,23.0,0.261,,,,,228.0,0.36,203.0,0.365,0.344,0.0030304514737472805,0.3572202643171806,0.33433000000000035
Adam Duvall,608.0,0.297,647.0,0.301,427.0,0.2739999999999999,130.0,0.315,209.0,0.301,0.281,0.0030304514737472805,0.29499257793171696,0.2819899999999997
Jonathan Schoop,647.0,0.298,675.0,0.3379999999999999,501.0,0.266,464.0,0.304,177.0,0.324,0.32,0.0030304514737472805,0.30544886363636364,0.3111699999999999
Jorge Soler,264.0,0.3329999999999999,110.0,0.245,257.0,0.354,679.0,0.354,174.0,0.326,0.316,0.0030304514737472805,0.3389016172506738,0.31444999999999984
Jake Fraley,,,,,,,41.0,0.171,29.0,0.241,0.352,0.0030304514737472805,0.2,0.32188000000000033
Dansby Swanson,145.0,0.361,551.0,0.312,533.0,0.304,545.0,0.325,264.0,0.345,0.311,0.0030304514737472805,0.3211452404317959,0.30474000000000007
Omar Narvaez,117.0,0.35,295.0,0.373,322.0,0.366,482.0,0.353,126.0,0.294,0.342,0.0030304514737472805,0.35471460506706404,0.3423999999999994
Daulton Varsho,,,,,,,,,115.0,0.287,0.318,0.0030304514737472805,0.287,0.28776000000000007
Ben Gamel,57.0,0.278,550.0,0.322,293.0,0.358,356.0,0.337,127.0,0.315,0.347,0.0030304514737472805,0.3310318148951555,0.3387100000000004
Edmundo Sosa,,,,,3.0,0.3329999999999999,10.0,0.4,,,0.346,0.0030304514737472805,0.3845384615384615,0.3313199999999999
Michael Conforto,348.0,0.31,440.0,0.384,638.0,0.35,648.0,0.363,233.0,0.412,0.344,0.0030304514737472805,0.36036410923276985,0.35010000000000036
Luis Arraez,,,,,,,366.0,0.3989999999999999,121.0,0.364,0.357,0.0030304514737472805,0.3903039014373716,0.3548399999999997
Austin Slater,,,127.0,0.3389999999999999,225.0,0.3329999999999999,192.0,0.3329999999999999,104.0,0.408,0.32,0.0030304514737472805,0.3462129629629629,0.3228000000000001
Abraham Almonte,194.0,0.294,195.0,0.314,151.0,0.26,38.0,0.421,13.0,0.231,0.331,0.0030304514737472805,0.2986920473773265,0.33050999999999986
Yadiel Hernandez,,,,,,,,,28.0,0.214,0.3289999999999999,0.0030304514737472805,0.214,0.3141200000000003
Trent Grisham,,,,,,,183.0,0.3279999999999999,252.0,0.352,0.327,0.0030304514737472805,0.341903448275862,0.3159200000000004
Austin Dean,,,,,122.0,0.2789999999999999,189.0,0.261,7.0,0.5710000000000001,0.342,0.0030304514737472805,0.27472955974842767,0.32609999999999956
Kyle Lewis,,,,,,,75.0,0.293,242.0,0.364,0.3329999999999999,0.0030304514737472805,0.34720189274447943,0.3368299999999996
Francisco Mejia,,,14.0,0.214,62.0,0.258,244.0,0.316,42.0,0.143,0.322,0.0030304514737472805,0.28204972375690607,0.3226399999999996
Jonathan Villar,679.0,0.369,436.0,0.293,515.0,0.325,714.0,0.3389999999999999,207.0,0.301,0.322,0.0030304514737472805,0.33321324970599764,0.32332999999999956
Eric Hosmer,667.0,0.3279999999999999,671.0,0.385,677.0,0.322,667.0,0.31,156.0,0.3329999999999999,0.337,0.0030304514737472805,0.3360898520084566,0.34021999999999986
Ryan Zimmerman,467.0,0.272,576.0,0.358,323.0,0.337,190.0,0.321,,,0.286,0.0030304514737472805,0.3233116966580977,0.32128000000000034
Lorenzo Cain,434.0,0.3389999999999999,645.0,0.363,620.0,0.395,623.0,0.325,21.0,0.429,0.3289999999999999,0.0030304514737472805,0.35750960307298335,0.3344100000000003
Jace Peterson,408.0,0.35,215.0,0.318,246.0,0.31,108.0,0.2689999999999999,61.0,0.3929999999999999,0.348,0.0030304514737472805,0.3279913294797688,0.33804999999999974
Tommy Pham,183.0,0.324,530.0,0.411,570.0,0.367,654.0,0.369,125.0,0.312,0.34,0.0030304514737472805,0.3717934044616876,0.34762
Pavin Smith,,,,,,,,,44.0,0.341,0.3279999999999999,0.0030304514737472805,0.341,0.3053499999999998
Sam Hilliard,,,,,,,87.0,0.356,114.0,0.272,0.294,0.0030304514737472805,0.3083582089552239,0.31130000000000035
Colin Moran,25.0,0.2,12.0,0.417,465.0,0.34,503.0,0.322,200.0,0.325,0.3339999999999999,0.0030304514737472805,0.32785892116182574,0.3253699999999998
Yermin Mercedes,,,,,,,,,1.0,0.0,0.3279999999999999,0.0030304514737472805,0.0,0.3302799999999998
Corey Dickerson,548.0,0.293,629.0,0.325,533.0,0.33,279.0,0.341,210.0,0.311,0.326,0.0030304514737472805,0.31893042291950885,0.28045999999999993
Eloy Jimenez,,,,,,,504.0,0.315,226.0,0.332,0.303,0.0030304514737472805,0.32026301369863014,0.27012
Joey Wendle,104.0,0.298,14.0,0.357,545.0,0.354,263.0,0.293,184.0,0.342,0.319,0.0030304514737472805,0.3323486486486486,0.3214199999999998
Francisco Lindor,684.0,0.358,723.0,0.337,745.0,0.352,654.0,0.335,266.0,0.335,0.322,0.0030304514737472805,0.34471451822916666,0.3203199999999996
Ehire Adrianza,71.0,0.299,186.0,0.324,366.0,0.301,236.0,0.349,101.0,0.287,0.327,0.0030304514737472805,0.31563541666666667,0.31752000000000047
Jose Rondon,26.0,0.154,,,107.0,0.28,157.0,0.263,,,0.322,0.0030304514737472805,0.2595,0.2821399999999995
Eric Haase,,,,,17.0,0.176,17.0,0.118,19.0,0.211,0.286,0.0030304514737472805,0.16994339622641505,0.28921
Eddie Rosario,354.0,0.295,589.0,0.3279999999999999,592.0,0.3229999999999999,590.0,0.3,231.0,0.316,0.305,0.0030304514737472805,0.31359677419354837,0.2817399999999999
Kyle Farmer,,,20.0,0.3,77.0,0.312,197.0,0.2789999999999999,70.0,0.3289999999999999,0.316,0.0030304514737472805,0.2967499999999999,0.3156099999999997
Austin Nola,,,,,,,267.0,0.342,184.0,0.353,0.34,0.0030304514737472805,0.3464878048780488,0.33465999999999996
Amed Rosario,,,170.0,0.271,592.0,0.295,655.0,0.3229999999999999,147.0,0.272,0.321,0.0030304514737472805,0.30195588235294113,0.31178000000000017
Joc Pederson,476.0,0.352,323.0,0.331,443.0,0.321,514.0,0.3389999999999999,138.0,0.285,0.31,0.0030304514737472805,0.3327581837381204,0.32159999999999966
Manny Pina,81.0,0.346,359.0,0.327,337.0,0.307,179.0,0.313,45.0,0.3329999999999999,0.293,0.0030304514737472805,0.3195704295704296,0.3052899999999996
DJ LeMahieu,635.0,0.416,682.0,0.374,581.0,0.321,655.0,0.375,216.0,0.421,0.349,0.0030304514737472805,0.3764138678223185,0.34919000000000006
Seth Brown,,,,,,,83.0,0.361,5.0,0.0,0.2739999999999999,0.0030304514737472805,0.34048863636363635,0.28480000000000005
Bobby Bradley,,,,,,,49.0,0.245,,,0.294,0.0030304514737472805,0.24499999999999997,0.2508866666666668
Gary Sanchez,229.0,0.376,525.0,0.345,374.0,0.291,446.0,0.316,178.0,0.253,0.307,0.0030304514737472805,0.3207950913242009,0.30894999999999956
Brian Anderson,,,95.0,0.337,670.0,0.357,520.0,0.342,229.0,0.345,0.337,0.0030304514737472805,0.34877807133421396,0.34181000000000006
Kyle Garlick,,,,,,,53.0,0.321,23.0,0.174,0.28,0.0030304514737472805,0.27651315789473685,0.27430000000000015
Adolis Garcia,,,,,17.0,0.118,,,7.0,0.143,0.286,0.0030304514737472805,0.12529166666666666,0.29483000000000037
David Peralta,183.0,0.295,577.0,0.352,614.0,0.352,423.0,0.3429999999999999,218.0,0.3389999999999999,0.325,0.0030304514737472805,0.34352754342431757,0.32672999999999974
J.P. Crawford,,,87.0,0.356,138.0,0.319,396.0,0.313,232.0,0.336,0.3379999999999999,0.0030304514737472805,0.3246119577960141,0.32179000000000035
Alex Dickerson,285.0,0.3329999999999999,,,,,190.0,0.332,170.0,0.371,0.304,0.0030304514737472805,0.3427209302325581,0.30020999999999964
Brett Phillips,,,98.0,0.351,147.0,0.252,79.0,0.247,59.0,0.305,0.3,0.0030304514737472805,0.2844647519582245,0.2952500000000002
Jazz Chisholm Jr.,,,,,,,,,62.0,0.242,0.303,0.0030304514737472805,0.242,0.2875700000000004
Travis Jankowski,383.0,0.332,87.0,0.282,387.0,0.332,24.0,0.25,17.0,0.176,0.364,0.0030304514737472805,0.322011135857461,0.35143000000000013
Odubel Herrera,656.0,0.361,563.0,0.325,597.0,0.31,139.0,0.288,,,0.31,0.0030304514737472805,0.3298685421994885,0.3175299999999998
Leury Garcia,50.0,0.26,326.0,0.316,275.0,0.303,618.0,0.31,63.0,0.317,0.335,0.0030304514737472805,0.3084774774774775,0.3306100000000004
Jacob Stallings,15.0,0.4,16.0,0.4379999999999999,41.0,0.268,210.0,0.325,143.0,0.326,0.335,0.0030304514737472805,0.32673882352941175,0.3214500000000004
Wilmer Difo,66.0,0.364,365.0,0.319,456.0,0.298,144.0,0.315,18.0,0.222,0.3289999999999999,0.0030304514737472805,0.310489037178265,0.30854000000000026
Matt Chapman,,,326.0,0.313,616.0,0.356,670.0,0.342,152.0,0.276,0.314,0.0030304514737472805,0.33584240362811796,0.3275099999999999
Miguel Rojas,214.0,0.288,306.0,0.361,528.0,0.297,526.0,0.331,143.0,0.392,0.322,0.0030304514737472805,0.3256121141525917,0.3038600000000002
Jed Lowrie,369.0,0.314,645.0,0.36,680.0,0.353,8.0,0.125,,,0.318,0.0030304514737472805,0.34612573443008227,0.31630000000000047
Luis Torrens,,,139.0,0.243,,,16.0,0.313,78.0,0.325,0.299,0.0030304514737472805,0.27525751072961374,0.2869099999999997
Alex Avila,209.0,0.359,376.0,0.387,234.0,0.299,201.0,0.353,62.0,0.355,0.345,0.0030304514737472805,0.35441035120147873,0.34094999999999964
Myles Straw,,,,,10.0,0.4,128.0,0.3779999999999999,86.0,0.244,0.349,0.0030304514737472805,0.3275357142857142,0.34279999999999994
Aledmys Diaz,460.0,0.369,301.0,0.29,452.0,0.303,247.0,0.356,59.0,0.254,0.317,0.0030304514737472805,0.32712574061882815,0.3169700000000002
Luis Guillorme,,,,,74.0,0.284,70.0,0.324,68.0,0.426,0.374,0.0030304514737472805,0.3427547169811321,0.3570199999999999
Kevin Kiermaier,414.0,0.331,421.0,0.3379999999999999,367.0,0.282,480.0,0.278,159.0,0.321,0.3279999999999999,0.0030304514737472805,0.30815046170559474,0.3221599999999998
Anthony Rendon,647.0,0.348,605.0,0.4029999999999999,597.0,0.374,646.0,0.412,232.0,0.418,0.3289999999999999,0.0030304514737472805,0.387010267693436,0.33779000000000037
Anthony Alford,,,8.0,0.125,21.0,0.19,30.0,0.233,29.0,0.241,0.311,0.0030304514737472805,0.21555681818181818,0.3116899999999999
D.J. Stewart,,,,,47.0,0.34,142.0,0.317,112.0,0.355,0.324,0.0030304514737472805,0.3347308970099667,0.31196000000000035
Sean Murphy,,,,,,,60.0,0.3329999999999999,140.0,0.364,0.306,0.0030304514737472805,0.3547,0.3249099999999999
Gio Urshela,,,165.0,0.262,46.0,0.283,476.0,0.355,174.0,0.368,0.301,0.0030304514737472805,0.3359581881533101,0.3211099999999997
Max Kepler,447.0,0.309,568.0,0.312,611.0,0.319,596.0,0.336,196.0,0.321,0.306,0.0030304514737472805,0.31985938792390406,0.31236000000000014
Starlin Castro,610.0,0.3,473.0,0.3379999999999999,647.0,0.3289999999999999,676.0,0.3,63.0,0.302,0.3329999999999999,0.0030304514737472805,0.31493033616848914,0.3231399999999994
Yan Gomes,264.0,0.201,383.0,0.309,435.0,0.313,358.0,0.316,119.0,0.319,0.301,0.0030304514737472805,0.29419820397690827,0.30049999999999955
Kyle Seager,676.0,0.359,650.0,0.3229999999999999,630.0,0.273,443.0,0.321,248.0,0.355,0.285,0.0030304514737472805,0.322956932376275,0.2945600000000001
Michael Hermosillo,,,,,62.0,0.2739999999999999,46.0,0.304,10.0,0.3,0.237,0.0030304514737472805,0.28789830508474573,0.2573499999999996
Tommy La Stella,169.0,0.357,151.0,0.389,192.0,0.34,321.0,0.346,228.0,0.37,0.308,0.0030304514737472805,0.3579434495758718,0.31577999999999984
Chad Pinder,55.0,0.273,309.0,0.292,333.0,0.332,370.0,0.29,61.0,0.295,0.3,0.0030304514737472805,0.3023882978723404,0.29296000000000033
Gleyber Torres,,,,,484.0,0.34,604.0,0.337,160.0,0.356,0.331,0.0030304514737472805,0.34059935897435895,0.3342299999999998
Anthony Santander,,,31.0,0.258,108.0,0.25,405.0,0.297,165.0,0.315,0.286,0.0030304514737472805,0.29232440056417486,0.27917999999999976
Whit Merrifield,332.0,0.3229999999999999,630.0,0.324,707.0,0.367,735.0,0.348,265.0,0.325,0.317,0.0030304514737472805,0.34197452229299363,0.3229900000000001
Adalberto Mondesi,149.0,0.231,60.0,0.214,291.0,0.306,443.0,0.291,233.0,0.294,0.271,0.0030304514737472805,0.2837755102040816,0.27267000000000047
Eugenio Suarez,627.0,0.317,632.0,0.367,606.0,0.366,662.0,0.358,231.0,0.312,0.286,0.0030304514737472805,0.3486464829586657,0.3030000000000005
Brian Goodwin,44.0,0.318,278.0,0.313,180.0,0.318,458.0,0.326,164.0,0.299,0.319,0.0030304514737472805,0.31725088967971526,0.30679999999999996
Rowdy Tellez,,,,,73.0,0.3289999999999999,409.0,0.293,127.0,0.346,0.305,0.0030304514737472805,0.308367816091954,0.3175899999999999
Derek Hill,,,,,,,,,12.0,0.1669999999999999,0.313,0.0030304514737472805,0.1669999999999999,0.2856399999999997
Freddy Galvis,624.0,0.2739999999999999,663.0,0.309,656.0,0.299,589.0,0.296,159.0,0.308,0.302,0.0030304514737472805,0.29554180602006686,0.2934099999999998
Brett Gardner,634.0,0.351,682.0,0.35,609.0,0.322,550.0,0.325,158.0,0.354,0.327,0.0030304514737472805,0.33878237751614126,0.3291200000000004
Justin Upton,626.0,0.31,635.0,0.361,613.0,0.344,256.0,0.309,166.0,0.289,0.296,0.0030304514737472805,0.33155270034843204,0.2980599999999999
Miguel Cabrera,679.0,0.3929999999999999,529.0,0.3289999999999999,157.0,0.395,549.0,0.346,231.0,0.3289999999999999,0.316,0.0030304514737472805,0.3584410256410256,0.3205499999999998
Raimel Tapia,41.0,0.293,171.0,0.3289999999999999,27.0,0.259,447.0,0.309,206.0,0.369,0.327,0.0030304514737472805,0.3244417040358744,0.31935000000000063
Tyler Wade,,,63.0,0.222,70.0,0.214,108.0,0.33,105.0,0.288,0.354,0.0030304514737472805,0.274121387283237,0.3374799999999995
Jose Iglesias,513.0,0.306,489.0,0.288,464.0,0.31,530.0,0.318,150.0,0.4,0.309,0.0030304514737472805,0.31229729729729727,0.27609999999999996
Christian Walker,,,15.0,0.4,53.0,0.226,603.0,0.348,243.0,0.3329999999999999,0.315,0.0030304514737472805,0.3377910284463895,0.30987000000000026
Yonathan Daza,,,,,,,105.0,0.257,,,0.332,0.0030304514737472805,0.257,0.3062000000000003
William Contreras,,,,,,,,,10.0,0.4,0.303,0.0030304514737472805,0.4,0.30676999999999993
Gavin Lux,,,,,,,82.0,0.305,69.0,0.246,0.3279999999999999,0.0030304514737472805,0.2780397350993377,0.3097399999999997
Pablo Reyes,,,,,63.0,0.349,157.0,0.2739999999999999,,,0.3329999999999999,0.0030304514737472805,0.29547727272727264,0.33030999999999966
Abraham Toro,,,,,,,89.0,0.303,97.0,0.237,0.315,0.0030304514737472805,0.2685806451612903,0.2642666666666663
Aristides Aquino,,,,,1.0,0.0,225.0,0.316,56.0,0.304,0.299,0.0030304514737472805,0.3124964539007092,0.2965799999999998
Jo Adell,,,,,,,,,132.0,0.212,0.295,0.0030304514737472805,0.212,0.3019800000000004
Albert Pujols,650.0,0.3229999999999999,636.0,0.286,498.0,0.289,545.0,0.305,163.0,0.27,0.284,0.0030304514737472805,0.2993591492776886,0.2817799999999998
Harold Ramirez,,,,,,,446.0,0.312,11.0,0.273,0.305,0.0030304514737472805,0.31106126914660825,0.3038299999999997
Josh Naylor,,,,,,,279.0,0.315,104.0,0.291,0.301,0.0030304514737472805,0.30848302872062666,0.30993999999999944
Cesar Hernandez,622.0,0.371,577.0,0.373,708.0,0.356,667.0,0.3329999999999999,261.0,0.355,0.308,0.0030304514737472805,0.357247619047619,0.3128600000000001
Yoshi Tsutsugo,,,,,,,,,185.0,0.314,0.307,0.0030304514737472805,0.314,0.33007000000000003
Ke'Bryan Hayes,,,,,,,,,95.0,0.442,0.316,0.0030304514737472805,0.442,0.32414999999999977
Willie Calhoun,,,37.0,0.324,108.0,0.2689999999999999,337.0,0.3229999999999999,108.0,0.231,0.31,0.0030304514737472805,0.2963372881355932,0.3192899999999996
Manuel Margot,37.0,0.243,529.0,0.313,519.0,0.292,441.0,0.304,159.0,0.327,0.313,0.0030304514737472805,0.303960237388724,0.3105299999999997
Tommy Edman,,,,,,,349.0,0.35,227.0,0.317,0.308,0.0030304514737472805,0.3369947916666666,0.29258999999999996
Edward Olivares,,,,,,,,,101.0,0.267,0.291,0.0030304514737472805,0.267,0.2832833333333336
Brent Rooker,,,,,,,,,21.0,0.381,0.291,0.0030304514737472805,0.38099999999999995,0.3057400000000002
Jeff McNeil,,,,,248.0,0.381,567.0,0.384,209.0,0.3829999999999999,0.319,0.0030304514737472805,0.3830693359375,0.3421600000000001
Zack Collins,,,,,,,102.0,0.307,18.0,0.1669999999999999,0.33,0.0030304514737472805,0.286,0.3062199999999994
Tucker Barnhart,420.0,0.3229999999999999,423.0,0.347,522.0,0.3279999999999999,364.0,0.3279999999999999,110.0,0.291,0.317,0.0030304514737472805,0.3290152256661228,0.33684999999999976
Randal Grichuk,478.0,0.289,442.0,0.285,462.0,0.301,628.0,0.28,231.0,0.312,0.281,0.0030304514737472805,0.29053369031682286,0.28301999999999977
Mitch Moreland,503.0,0.298,576.0,0.326,459.0,0.325,335.0,0.3279999999999999,152.0,0.342,0.286,0.0030304514737472805,0.32035012345679015,0.2939100000000003
Bradley Zimmer,,,332.0,0.307,114.0,0.281,14.0,0.071,50.0,0.36,0.325,0.0030304514737472805,0.2999058823529412,0.3210899999999997
Pedro Severino,34.0,0.441,31.0,0.226,213.0,0.254,341.0,0.321,178.0,0.322,0.308,0.0030304514737472805,0.30474153074027605,0.3032599999999999
Nick Solak,,,,,,,135.0,0.3929999999999999,233.0,0.326,0.314,0.0030304514737472805,0.350578804347826,0.32302
Victor Reyes,,,,,219.0,0.239,292.0,0.336,213.0,0.315,0.284,0.0030304514737472805,0.3004806629834254,0.28272999999999976
Cavan Biggio,,,,,,,430.0,0.364,265.0,0.375,0.322,0.0030304514737472805,0.36819424460431655,0.32973999999999976
Jake Lamb,594.0,0.332,635.0,0.357,238.0,0.307,226.0,0.3229999999999999,99.0,0.283,0.306,0.0030304514737472805,0.3336964285714285,0.3243399999999999
Phil Gosselin,240.0,0.324,50.0,0.18,28.0,0.25,68.0,0.294,102.0,0.324,0.314,0.0030304514737472805,0.3008196721311476,0.31457999999999997
Asdrubal Cabrera,568.0,0.336,540.0,0.351,592.0,0.316,514.0,0.342,213.0,0.305,0.313,0.0030304514737472805,0.3330090646889164,0.31707999999999964
Kevin Pillar,584.0,0.303,632.0,0.3,542.0,0.282,645.0,0.287,223.0,0.336,0.2769999999999999,0.0030304514737472805,0.2968160700685453,0.2804200000000001
Hanser Alberto,58.0,0.143,,,30.0,0.241,550.0,0.3289999999999999,231.0,0.306,0.291,0.0030304514737472805,0.307433831990794,0.3006400000000003
Rob Refsnyder,175.0,0.3279999999999999,98.0,0.247,103.0,0.314,,,34.0,0.265,0.325,0.0030304514737472805,0.2998975609756097,0.3167399999999996
Jordy Mercer,584.0,0.3279999999999999,558.0,0.326,436.0,0.315,271.0,0.31,22.0,0.273,0.307,0.0030304514737472805,0.32112025654730086,0.30799999999999966
Dom Nunez,,,,,,,43.0,0.233,,,0.293,0.0030304514737472805,0.233,0.2809533333333331
Yu Chang,,,,,,,84.0,0.286,13.0,0.308,0.267,0.0030304514737472805,0.2889484536082474,0.26742999999999983
Carlos Santana,688.0,0.366,667.0,0.363,679.0,0.352,686.0,0.397,255.0,0.349,0.319,0.0030304514737472805,0.3678231932773109,0.32287000000000016
Oscar Mercado,,,,,,,482.0,0.318,93.0,0.174,0.3,0.0030304514737472805,0.2947095652173913,0.3035700000000002
Breyvic Valera,,,11.0,0.182,75.0,0.301,52.0,0.308,,,0.313,0.0030304514737472805,0.29415217391304344,0.2954499999999998
Paul DeJong,,,443.0,0.325,490.0,0.313,664.0,0.318,174.0,0.322,0.284,0.0030304514737472805,0.31876058723884815,0.2964699999999998
Jurickson Profar,307.0,0.321,70.0,0.294,594.0,0.335,518.0,0.301,202.0,0.3429999999999999,0.3289999999999999,0.0030304514737472805,0.3213015966883501,0.32558000000000026
Grayson Greiner,,,,,116.0,0.3279999999999999,224.0,0.251,55.0,0.182,0.321,0.0030304514737472805,0.2640050632911392,0.2935999999999996
Hunter Dozier,21.0,0.286,,,388.0,0.278,586.0,0.348,186.0,0.344,0.285,0.0030304514737472805,0.3232701100762066,0.2904700000000001
Isiah Kiner-Falefa,,,,,396.0,0.325,222.0,0.299,228.0,0.3289999999999999,0.312,0.0030304514737472805,0.31925531914893623,0.31247000000000025
Kole Calhoun,672.0,0.348,654.0,0.3329999999999999,552.0,0.283,632.0,0.325,228.0,0.3379999999999999,0.297,0.0030304514737472805,0.32517092768444117,0.29915000000000025
Guillermo Heredia,107.0,0.349,426.0,0.315,337.0,0.318,231.0,0.306,36.0,0.278,0.311,0.0030304514737472805,0.3160888302550571,0.2912800000000002
Charlie Culberson,68.0,0.294,15.0,0.267,322.0,0.326,144.0,0.294,7.0,0.143,0.296,0.0030304514737472805,0.30990287769784175,0.29316999999999965
Luis Garcia,,,,,,,,,139.0,0.302,0.275,0.0030304514737472805,0.302,0.2767999999999997
Travis d'Arnaud,276.0,0.307,376.0,0.293,16.0,0.25,391.0,0.312,184.0,0.386,0.284,0.0030304514737472805,0.31529847144006434,0.28681999999999985
Jorge Mateo,,,,,,,,,28.0,0.185,0.293,0.0030304514737472805,0.185,0.28305
Harold Castro,,,,,10.0,0.3,369.0,0.305,54.0,0.407,0.31,0.0030304514737472805,0.31760508083140876,0.3103599999999996
Tom Murphy,49.0,0.347,26.0,0.115,96.0,0.25,281.0,0.324,,,0.304,0.0030304514737472805,0.2987544247787611,0.3181099999999997
Dominic Smith,,,183.0,0.262,149.0,0.255,197.0,0.355,199.0,0.377,0.304,0.0030304514737472805,0.31716895604395606,0.2823399999999999
Pablo Sandoval,7.0,0.143,279.0,0.265,252.0,0.31,296.0,0.313,94.0,0.287,0.302,0.0030304514737472805,0.2938383620689655,0.28282999999999975
Yadier Molina,581.0,0.36,543.0,0.312,503.0,0.314,452.0,0.312,156.0,0.303,0.297,0.0030304514737472805,0.3242997762863535,0.2914800000000002
Rougned Odor,632.0,0.296,651.0,0.252,535.0,0.326,581.0,0.283,148.0,0.209,0.286,0.0030304514737472805,0.2830345504515116,0.29249000000000025
Ryan Jeffers,,,,,,,,,62.0,0.355,0.27,0.0030304514737472805,0.355,0.27883999999999975
Clint Frazier,,,142.0,0.268,41.0,0.39,246.0,0.317,160.0,0.3939999999999999,0.317,0.0030304514737472805,0.33118505942275045,0.3083800000000001
Christian Vazquez,184.0,0.2769999999999999,345.0,0.33,269.0,0.257,521.0,0.32,189.0,0.344,0.308,0.0030304514737472805,0.3088110079575596,0.3157800000000001
Curt Casali,256.0,0.273,13.0,0.462,156.0,0.355,236.0,0.331,93.0,0.366,0.313,0.0030304514737472805,0.32284880636604774,0.3091099999999998
Travis Shaw,530.0,0.306,606.0,0.349,587.0,0.345,270.0,0.281,180.0,0.306,0.286,0.0030304514737472805,0.3254206166589968,0.2862200000000002
Reese McGuire,,,,,33.0,0.3329999999999999,105.0,0.346,45.0,0.073,0.31,0.0030304514737472805,0.2765245901639344,0.28611999999999965
Rene Rivera,207.0,0.291,237.0,0.305,91.0,0.275,20.0,0.35,4.0,0.25,0.293,0.0030304514737472805,0.2961484794275492,0.3011699999999997
Garrett Hampson,,,,,48.0,0.396,327.0,0.302,184.0,0.287,0.289,0.0030304514737472805,0.30513416815742395,0.29991000000000023
Lewin Diaz,,,,,,,,,41.0,0.195,0.242,0.0030304514737472805,0.195,0.26410000000000045
Miguel Andujar,,,8.0,0.625,606.0,0.3279999999999999,49.0,0.143,65.0,0.2769999999999999,0.284,0.0030304514737472805,0.3142582417582417,0.27205999999999997
Renato Nunez,15.0,0.133,16.0,0.25,261.0,0.322,599.0,0.311,216.0,0.324,0.218,0.0030304514737472805,0.31283649503161703,0.24922
Jake Marisnick,311.0,0.257,259.0,0.319,235.0,0.275,318.0,0.289,34.0,0.353,0.286,0.0030304514737472805,0.2861512532411409,0.2871500000000003
Nick Martini,,,,,179.0,0.397,109.0,0.33,,,0.356,0.0030304514737472805,0.3716423611111111,0.3486400000000006
Josh VanMeter,,,,,,,260.0,0.327,79.0,0.228,0.297,0.0030304514737472805,0.30392920353982306,0.30721000000000026
Nick Senzel,,,,,,,414.0,0.315,78.0,0.247,0.3229999999999999,0.0030304514737472805,0.30421951219512194,0.3173300000000001
Niko Goodrum,,,18.0,0.111,492.0,0.315,472.0,0.322,179.0,0.263,0.292,0.0030304514737472805,0.3066658053402239,0.2938400000000005
Michael A. Taylor,237.0,0.278,432.0,0.32,385.0,0.287,97.0,0.305,99.0,0.253,0.297,0.0030304514737472805,0.2954024,0.29449000000000025
Alec Bohm,,,,,,,,,180.0,0.4,0.305,0.0030304514737472805,0.4,0.3145499999999999
Austin Barnes,37.0,0.27,262.0,0.408,238.0,0.3289999999999999,242.0,0.293,104.0,0.353,0.299,0.0030304514737472805,0.3429286523216307,0.28797999999999985
Jack Mayfield,,,,,,,65.0,0.1689999999999999,47.0,0.239,0.272,0.0030304514737472805,0.19837499999999994,0.31357000000000024
Marcell Ozuna,608.0,0.321,679.0,0.376,628.0,0.325,549.0,0.3279999999999999,267.0,0.431,0.288,0.0030304514737472805,0.3477557671182717,0.3028200000000002
Mike Moustakas,113.0,0.301,598.0,0.314,635.0,0.315,584.0,0.3289999999999999,163.0,0.331,0.282,0.0030304514737472805,0.319110845676063,0.28742000000000006
Taylor Jones,,,,,,,,,22.0,0.2269999999999999,0.2689999999999999,0.0030304514737472805,0.2269999999999999,0.2739299999999996
Josh Reddick,439.0,0.345,540.0,0.363,487.0,0.318,550.0,0.319,210.0,0.316,0.285,0.0030304514737472805,0.3342996406109614,0.2963400000000001
Zach McKinstry,,,,,,,,,7.0,0.286,0.263,0.0030304514737472805,0.286,0.2689999999999998
Jon Berti,,,,,15.0,0.267,287.0,0.348,149.0,0.3879999999999999,0.311,0.0030304514737472805,0.35852106430155206,0.31692
Cole Tucker,,,,,,,159.0,0.266,116.0,0.252,0.298,0.0030304514737472805,0.26009454545454547,0.2908199999999994
Gerardo Parra,381.0,0.271,425.0,0.341,443.0,0.342,301.0,0.293,,,0.292,0.0030304514737472805,0.31475806451612903,0.3044500000000003
Kurt Suzuki,373.0,0.301,309.0,0.351,388.0,0.332,309.0,0.324,129.0,0.349,0.294,0.0030304514737472805,0.32804045092838197,0.32837000000000016
Jonathan Arauz,,,,,,,,,80.0,0.325,0.2739999999999999,0.0030304514737472805,0.325,0.2887200000000002
James McCann,373.0,0.272,391.0,0.318,457.0,0.267,476.0,0.3279999999999999,111.0,0.36,0.294,0.0030304514737472805,0.3008301991150442,0.2904900000000002
Daz Cameron,,,,,,,,,59.0,0.22,0.278,0.0030304514737472805,0.22,0.28066999999999975
Jose Peraza,256.0,0.352,518.0,0.297,683.0,0.326,403.0,0.285,120.0,0.275,0.266,0.0030304514737472805,0.3103388888888889,0.28107999999999966
Aaron Hicks,361.0,0.281,361.0,0.372,581.0,0.366,255.0,0.325,211.0,0.379,0.294,0.0030304514737472805,0.3455189372526851,0.3013200000000003
Sergio Alcantara,,,,,,,,,23.0,0.217,0.303,0.0030304514737472805,0.217,0.29735000000000034
Stephen Piscotty,649.0,0.3429999999999999,401.0,0.342,605.0,0.331,393.0,0.309,171.0,0.271,0.282,0.0030304514737472805,0.32797746732762506,0.29866000000000004
Phillip Evans,,,38.0,0.395,23.0,0.217,,,45.0,0.444,0.312,0.0030304514737472805,0.3771792452830189,0.3182100000000003
Mauricio Dubon,,,,,,,111.0,0.306,177.0,0.337,0.278,0.0030304514737472805,0.32505208333333335,0.2910799999999998
Michael Chavis,,,,,,,382.0,0.322,158.0,0.259,0.258,0.0030304514737472805,0.3035666666666667,0.3030900000000002
Andres Gimenez,,,,,,,,,132.0,0.3329999999999999,0.282,0.0030304514737472805,0.3329999999999999,0.2821400000000001
Eddy Alvarez,,,,,,,,,41.0,0.268,0.297,0.0030304514737472805,0.268,0.2646926666666668
Billy McKinney,,,,,132.0,0.318,276.0,0.2739999999999999,3.0,0.667,0.28,0.0030304514737472805,0.291,0.2967500000000002
Rafael Marchan,,,,,,,,,9.0,0.556,0.286,0.0030304514737472805,0.556,0.2721200000000002
Cam Gallagher,,,27.0,0.3329999999999999,69.0,0.25,142.0,0.312,60.0,0.356,0.298,0.0030304514737472805,0.30840604026845636,0.29601999999999956
Andrew Stevenson,,,66.0,0.25,86.0,0.306,37.0,0.486,47.0,0.447,0.294,0.0030304514737472805,0.3466398305084746,0.3279599999999997
Carter Kieboom,,,,,,,43.0,0.209,122.0,0.344,0.301,0.0030304514737472805,0.3088181818181818,0.2998399999999996
Gregory Polanco,587.0,0.3229999999999999,411.0,0.305,535.0,0.34,167.0,0.301,174.0,0.214,0.283,0.0030304514737472805,0.31182443970117396,0.2929700000000002
Wilson Ramos,523.0,0.354,224.0,0.29,416.0,0.358,524.0,0.351,155.0,0.297,0.248,0.0030304514737472805,0.3414706840390879,0.2800400000000002
Roman Quinn,69.0,0.373,,,143.0,0.317,122.0,0.298,116.0,0.261,0.306,0.0030304514737472805,0.30600000000000005,0.32873
Didi Gregorius,597.0,0.304,570.0,0.318,569.0,0.335,344.0,0.276,237.0,0.3389999999999999,0.27,0.0030304514737472805,0.3144799309451877,0.27707999999999977
Lewis Brinson,,,55.0,0.236,406.0,0.24,248.0,0.236,112.0,0.268,0.263,0.0030304514737472805,0.24234348355663823,0.27848000000000045
Jason Heyward,592.0,0.306,481.0,0.326,489.0,0.335,589.0,0.3429999999999999,181.0,0.392,0.28,0.0030304514737472805,0.3322264150943396,0.29207000000000016
Daniel Johnson,,,,,,,,,13.0,0.154,0.259,0.0030304514737472805,0.15399999999999997,0.27217000000000013
Ryan O'Hearn,,,,,170.0,0.353,370.0,0.281,132.0,0.303,0.268,0.0030304514737472805,0.30353571428571435,0.2773900000000003
Juan Lagares,160.0,0.301,272.0,0.296,64.0,0.375,285.0,0.2789999999999999,0.0,0.0,0.266,0.0030304514737472805,0.2972944942381561,0.2993399999999998
Isaac Paredes,,,,,,,,,108.0,0.278,0.306,0.0030304514737472805,0.278,0.29938000000000015
Khris Davis,610.0,0.307,652.0,0.336,654.0,0.326,533.0,0.293,99.0,0.303,0.272,0.0030304514737472805,0.3162135007849293,0.2882499999999996
Ronald Torreyes,168.0,0.305,336.0,0.314,102.0,0.294,17.0,0.235,7.0,0.143,0.286,0.0030304514737472805,0.30433015873015873,0.3003200000000002
Victor Robles,,,27.0,0.308,66.0,0.348,617.0,0.326,189.0,0.293,0.31,0.0030304514737472805,0.3201368186874305,0.32078999999999974
Jorge Alfaro,17.0,0.176,114.0,0.36,377.0,0.324,465.0,0.312,100.0,0.28,0.283,0.0030304514737472805,0.3161789375582479,0.2935400000000002
Ryan Lavarnway,,,13.0,0.385,6.0,0.667,19.0,0.316,11.0,0.364,0.276,0.0030304514737472805,0.3880612244897959,0.2923599999999998
Victor Caratini,,,66.0,0.3329999999999999,200.0,0.293,279.0,0.348,132.0,0.3329999999999999,0.309,0.0030304514737472805,0.32736484490398815,0.28518000000000004
David Fletcher,,,,,307.0,0.316,653.0,0.35,230.0,0.376,0.297,0.0030304514737472805,0.34625378151260505,0.3080700000000003
John Nogowski,,,,,,,,,4.0,0.25,0.301,0.0030304514737472805,0.25,0.20582999999999985
Willians Astudillo,,,,,97.0,0.371,204.0,0.299,16.0,0.25,0.259,0.0030304514737472805,0.3185583596214511,0.28201
Kyle Higashioka,,,20.0,0.1,79.0,0.241,57.0,0.211,48.0,0.25,0.246,0.0030304514737472805,0.22091176470588234,0.26033999999999974
Dylan Moore,,,,,,,282.0,0.302,159.0,0.358,0.276,0.0030304514737472805,0.3221904761904762,0.2921999999999998
Jose Barrero,,,,,,,,,68.0,0.206,0.286,0.0030304514737472805,0.206,0.30799000000000043
Adrian Sanchez,,,75.0,0.288,59.0,0.288,32.0,0.25,,,0.316,0.0030304514737472805,0.2806746987951807,0.27817000000000014
Adam Eaton,706.0,0.362,107.0,0.3929999999999999,370.0,0.3939999999999999,656.0,0.365,176.0,0.285,0.282,0.0030304514737472805,0.3637732009925558,0.3005799999999999
Willi Castro,,,,,,,110.0,0.284,140.0,0.381,0.273,0.0030304514737472805,0.33832,0.28067999999999976
Alex Blandino,,,,,147.0,0.324,50.0,0.42,,,0.317,0.0030304514737472805,0.34836548223350255,0.3289099999999998
Kelvin Gutierrez,,,,,,,79.0,0.304,12.0,0.3329999999999999,0.292,0.0030304514737472805,0.3078241758241758,0.29215000000000046
Mason Williams,29.0,0.321,17.0,0.294,132.0,0.331,34.0,0.324,18.0,0.111,0.297,0.0030304514737472805,0.3087521739130435,0.3110400000000003
Stephen Vogt,532.0,0.305,303.0,0.285,,,280.0,0.314,81.0,0.247,0.283,0.0030304514737472805,0.29811204013377923,0.29414000000000035
Elvis Andrus,568.0,0.362,689.0,0.337,428.0,0.308,648.0,0.313,111.0,0.252,0.294,0.0030304514737472805,0.3275077741407529,0.30275000000000013
Nick Ahmed,308.0,0.265,178.0,0.298,564.0,0.29,625.0,0.316,217.0,0.327,0.28,0.0030304514737472805,0.2995153276955603,0.2816600000000003
Matt Carpenter,566.0,0.38,622.0,0.384,677.0,0.374,492.0,0.3339999999999999,169.0,0.325,0.305,0.0030304514737472805,0.3667375296912114,0.31621999999999983
Shed Long Jr.,,,,,,,168.0,0.3329999999999999,128.0,0.242,0.258,0.0030304514737472805,0.2936486486486486,0.27638999999999975
Mike Brosseau,,,,,,,142.0,0.319,98.0,0.3779999999999999,0.266,0.0030304514737472805,0.34309166666666663,0.2987699999999997
Danny Mendick,,,,,,,40.0,0.325,114.0,0.281,0.303,0.0030304514737472805,0.2924285714285715,0.29552000000000034
David Bote,,,,,210.0,0.319,356.0,0.362,145.0,0.303,0.276,0.0030304514737472805,0.337267229254571,0.27935999999999994
Donovan Walton,,,,,,,19.0,0.316,14.0,0.214,0.254,0.0030304514737472805,0.2727272727272727,0.2552533333333336
Seby Zavala,,,,,,,12.0,0.083,,,0.24,0.0030304514737472805,0.083,0.27086999999999956
Brian O'Grady,,,,,,,48.0,0.292,5.0,0.4,0.267,0.0030304514737472805,0.302188679245283,0.2873200000000001
Daniel Robertson,,,254.0,0.308,340.0,0.382,237.0,0.312,24.0,0.417,0.303,0.0030304514737472805,0.34159532163742684,0.30394000000000004
Nomar Mazara,568.0,0.32,616.0,0.3229999999999999,536.0,0.317,469.0,0.318,149.0,0.295,0.276,0.0030304514737472805,0.3181082121471343,0.28083999999999987
Jacob Nottingham,,,,,24.0,0.3329999999999999,7.0,0.429,54.0,0.278,0.222,0.0030304514737472805,0.3059647058823529,0.3172200000000004
Maikel Franco,630.0,0.306,623.0,0.281,465.0,0.314,428.0,0.297,243.0,0.321,0.253,0.0030304514737472805,0.3009510255336961,0.2683900000000001
Billy Hamilton,460.0,0.321,633.0,0.299,556.0,0.299,353.0,0.289,36.0,0.171,0.242,0.0030304514737472805,0.2999725220804711,0.2585600000000002
Ender Inciarte,578.0,0.351,718.0,0.35,660.0,0.325,230.0,0.3429999999999999,131.0,0.262,0.276,0.0030304514737472805,0.33745791972378075,0.32201
Jose Trevino,,,,,8.0,0.25,126.0,0.272,83.0,0.28,0.267,0.0030304514737472805,0.2742488479262673,0.26995999999999976
Danny Santana,248.0,0.2789999999999999,178.0,0.243,32.0,0.281,511.0,0.324,63.0,0.238,0.252,0.0030304514737472805,0.29263178294573644,0.2756299999999999
Joshua Fuentes,,,,,,,56.0,0.2319999999999999,103.0,0.32,0.257,0.0030304514737472805,0.28900628930817607,0.2642600000000002
Jason Martin,,,,,,,40.0,0.325,11.0,0.182,0.248,0.0030304514737472805,0.294156862745098,0.26749
Mike Tauchman,,,32.0,0.344,37.0,0.1939999999999999,296.0,0.361,111.0,0.342,0.284,0.0030304514737472805,0.34244537815126047,0.2949799999999999
Eric Sogard,,,299.0,0.3929999999999999,113.0,0.241,442.0,0.353,128.0,0.281,0.283,0.0030304514737472805,0.3429063136456212,0.27789000000000014
Marwin Gonzalez,518.0,0.293,515.0,0.377,552.0,0.324,463.0,0.322,199.0,0.286,0.275,0.0030304514737472805,0.32522340898976415,0.2820699999999999
Brock Holt,324.0,0.322,164.0,0.305,367.0,0.362,295.0,0.369,106.0,0.283,0.281,0.0030304514737472805,0.3392157643312102,0.2970899999999997
Martin Maldonado,253.0,0.332,471.0,0.276,404.0,0.276,374.0,0.293,165.0,0.35,0.272,0.0030304514737472805,0.29563767246550693,0.28692999999999963
Jake Bauers,,,,,388.0,0.316,423.0,0.312,,,0.29,0.0030304514737472805,0.31391368680641185,0.28957999999999967
Jose Marmolejos,,,,,,,,,115.0,0.261,0.262,0.0030304514737472805,0.261,0.26447000000000015
Jonah Heim,,,,,,,,,41.0,0.268,0.239,0.0030304514737472805,0.268,0.2646926666666668
Tomas Nido,,,10.0,0.3,90.0,0.2,144.0,0.231,26.0,0.346,0.261,0.0030304514737472805,0.2342962962962963,0.2747199999999995
Mike Ford,,,,,,,163.0,0.35,84.0,0.226,0.278,0.0030304514737472805,0.30782995951417,0.2888599999999998
Eli White,,,,,,,,,52.0,0.231,0.259,0.0030304514737472805,0.231,0.26731000000000005
Isan Diaz,,,,,,,201.0,0.259,22.0,0.182,0.293,0.0030304514737472805,0.2514035874439462,0.28344999999999965
Andrew Velazquez,,,,,12.0,0.417,24.0,0.125,77.0,0.2739999999999999,0.235,0.0030304514737472805,0.2575398230088495,0.2550999999999998
Andrelton Simmons,483.0,0.324,647.0,0.331,600.0,0.337,424.0,0.309,127.0,0.346,0.283,0.0030304514737472805,0.32784173608066636,0.29137000000000013
Roberto Perez,184.0,0.285,248.0,0.291,210.0,0.256,449.0,0.321,110.0,0.264,0.245,0.0030304514737472805,0.29270358034970856,0.2862100000000002
Will Craig,,,,,,,,,4.0,0.0,0.2769999999999999,0.0030304514737472805,0.0,0.29311
Keston Hiura,,,,,,,348.0,0.368,246.0,0.297,0.256,0.0030304514737472805,0.33859595959595956,0.2693600000000001
Kevin Newman,,,,,97.0,0.247,531.0,0.353,172.0,0.281,0.265,0.0030304514737472805,0.3246675,0.28507000000000027
David Dahl,237.0,0.359,,,271.0,0.325,413.0,0.353,99.0,0.222,0.247,0.0030304514737472805,0.33424019607843136,0.28122
Richie Martin,,,,,,,309.0,0.26,,,0.2689999999999999,0.0030304514737472805,0.26,0.2899799999999995
Orlando Arcia,216.0,0.273,548.0,0.324,366.0,0.268,546.0,0.283,189.0,0.317,0.258,0.0030304514737472805,0.29439088471849867,0.29047999999999985
Joe Panik,526.0,0.315,573.0,0.347,392.0,0.307,491.0,0.315,141.0,0.34,0.266,0.0030304514737472805,0.3238200659444183,0.29806999999999956
Erik Gonzalez,17.0,0.353,115.0,0.272,143.0,0.301,156.0,0.301,193.0,0.255,0.258,0.0030304514737472805,0.28284455128205127,0.3096700000000003
Aramis Garcia,,,,,65.0,0.308,46.0,0.217,,,0.239,0.0030304514737472805,0.27028828828828827,0.24940333333333367
Luis Rengifo,,,,,,,406.0,0.321,106.0,0.2689999999999999,0.246,0.0030304514737472805,0.31023437499999995,0.27374999999999966
Shogo Akiyama,,,,,,,,,183.0,0.357,0.282,0.0030304514737472805,0.35700000000000004,0.29627
Jarrod Dyson,337.0,0.34,390.0,0.324,237.0,0.282,452.0,0.313,66.0,0.231,0.26,0.0030304514737472805,0.3134251012145749,0.2854500000000001
Steven Souza Jr.,468.0,0.303,617.0,0.351,272.0,0.309,,,31.0,0.258,0.222,0.0030304514737472805,0.32450792507204607,0.2604700000000004
Jake Cave,,,,,309.0,0.313,228.0,0.351,123.0,0.285,0.249,0.0030304514737472805,0.3209090909090909,0.25469999999999987
Sam Haggerty,,,,,,,4.0,0.0,54.0,0.315,0.247,0.0030304514737472805,0.29327586206896555,0.25870999999999994
Magneuris Sierra,,,64.0,0.359,156.0,0.222,42.0,0.381,53.0,0.3329999999999999,0.281,0.0030304514737472805,0.2897111111111111,0.31433999999999995
Bryan Holaday,129.0,0.281,29.0,0.241,166.0,0.261,129.0,0.344,33.0,0.212,0.265,0.0030304514737472805,0.2838189300411523,0.27661000000000013
Pat Valaika,19.0,0.263,195.0,0.284,133.0,0.214,86.0,0.256,150.0,0.315,0.25,0.0030304514737472805,0.27119210977701547,0.21784999999999985
Andrew Knizner,,,,,,,58.0,0.293,17.0,0.235,0.281,0.0030304514737472805,0.27985333333333334,0.27706999999999965
Tim Locastro,,,1.0,0.0,14.0,0.357,250.0,0.357,82.0,0.395,0.263,0.0030304514737472805,0.36495100864553315,0.33248999999999995
Cody Bellinger,,,548.0,0.352,632.0,0.3429999999999999,660.0,0.406,243.0,0.3329999999999999,0.24,0.0030304514737472805,0.36416274603936627,0.28793999999999964
Austin Romine,176.0,0.2689999999999999,252.0,0.272,265.0,0.295,240.0,0.31,135.0,0.259,0.242,0.0030304514737472805,0.28410861423220973,0.2535900000000003
Austin Wynns,,,,,118.0,0.287,74.0,0.247,,,0.2319999999999999,0.0030304514737472805,0.27158333333333334,0.24652999999999958
Rio Ruiz,7.0,0.286,173.0,0.283,15.0,0.267,413.0,0.306,204.0,0.286,0.243,0.0030304514737472805,0.2951822660098522,0.2947199999999998
Justin Williams,,,,,1.0,0.0,,,6.0,0.3329999999999999,0.27,0.0030304514737472805,0.2854285714285713,0.26719999999999977
Austin Hedges,26.0,0.154,417.0,0.262,326.0,0.282,347.0,0.252,83.0,0.231,0.22,0.0030304514737472805,0.26005587989991663,0.2503899999999999
Alex Jackson,,,,,,,15.0,0.133,7.0,0.286,0.252,0.0030304514737472805,0.18168181818181817,0.2629299999999998
Scott Heineman,,,,,,,85.0,0.306,54.0,0.185,0.206,0.0030304514737472805,0.2589928057553957,0.2396299999999998
Sandy Leon,283.0,0.369,301.0,0.29,288.0,0.2319999999999999,191.0,0.251,81.0,0.296,0.237,0.0030304514737472805,0.28885489510489504,0.2593299999999997
Michael Perez,,,,,80.0,0.304,55.0,0.345,93.0,0.237,0.221,0.0030304514737472805,0.2865614035087719,0.25244000000000005
Jackie Bradley Jr.,636.0,0.349,541.0,0.3229999999999999,535.0,0.314,567.0,0.317,217.0,0.364,0.236,0.0030304514737472805,0.32989743589743586,0.3229599999999997
Chad Wallach,,,11.0,0.091,52.0,0.275,54.0,0.3329999999999999,48.0,0.2769999999999999,0.242,0.0030304514737472805,0.28229696969696966,0.2663200000000003
Andrew Romine,194.0,0.304,348.0,0.289,131.0,0.26,,,4.0,0.25,0.2339999999999999,0.0030304514737472805,0.28745642540620386,0.2515099999999995
Franchy Cordero,,,99.0,0.276,154.0,0.307,20.0,0.45,42.0,0.286,0.237,0.0030304514737472805,0.30353650793650794,0.30129
Matt Joyce,293.0,0.4029999999999999,544.0,0.335,246.0,0.322,238.0,0.408,148.0,0.351,0.261,0.0030304514737472805,0.3598250510551395,0.3449799999999999
Wyatt Mathisen,,,,,,,,,33.0,0.364,0.255,0.0030304514737472805,0.364,0.25340999999999986
Jay Bruce,589.0,0.309,617.0,0.324,361.0,0.31,333.0,0.261,103.0,0.252,0.231,0.0030304514737472805,0.3028896655017474,0.2804600000000001
Sheldon Neuse,,,,,,,61.0,0.295,,,0.182,0.0030304514737472805,0.295,0.2653999999999999
Tony Wolters,230.0,0.327,266.0,0.341,216.0,0.292,411.0,0.337,109.0,0.28,0.276,0.0030304514737472805,0.3230641233766234,0.29227
Jonathan Davis,,,,,27.0,0.259,95.0,0.266,34.0,0.364,0.252,0.0030304514737472805,0.2861474358974359,0.2695299999999998
Leody Taveras,,,,,,,,,134.0,0.308,0.207,0.0030304514737472805,0.308,0.24322000000000032
Mike Freeman,24.0,0.292,66.0,0.182,1.0,0.0,213.0,0.362,43.0,0.302,0.262,0.0030304514737472805,0.3144438040345821,0.2801800000000002
Chance Sisco,,,22.0,0.455,184.0,0.288,198.0,0.3329999999999999,121.0,0.364,0.241,0.0030304514737472805,0.3294857142857142,0.27378999999999987
Garrett Stubbs,,,,,,,39.0,0.282,10.0,0.111,0.222,0.0030304514737472805,0.2471020408163265,0.2536466666666667
JaCoby Jones,28.0,0.214,154.0,0.24,467.0,0.266,333.0,0.31,108.0,0.3329999999999999,0.21,0.0030304514737472805,0.28107155963302755,0.2850300000000001
Dustin Fowler,,,0.0,0.0,203.0,0.256,,,,,0.239,0.0030304514737472805,0.256,0.2426300000000001
Matt Adams,327.0,0.309,367.0,0.319,337.0,0.309,333.0,0.276,51.0,0.216,0.25,0.0030304514737472805,0.30047561837455833,0.27338000000000007
Evan White,,,,,,,,,202.0,0.252,0.2019999999999999,0.0030304514737472805,0.252,0.23506999999999958
Jared Oliva,,,,,,,,,16.0,0.188,0.233,0.0030304514737472805,0.188,0.27277999999999997
Andrew Knapp,,,204.0,0.368,215.0,0.294,160.0,0.318,89.0,0.4039999999999999,0.215,0.0030304514737472805,0.337002994011976,0.24709999999999993
Kevan Smith,16.0,0.125,294.0,0.309,187.0,0.348,211.0,0.318,38.0,0.3779999999999999,0.248,0.0030304514737472805,0.3208900804289544,0.2623000000000001
Robel Garcia,,,,,,,80.0,0.275,,,0.216,0.0030304514737472805,0.275,0.23363000000000014
Ildemaro Vargas,,,13.0,0.308,20.0,0.25,211.0,0.299,54.0,0.222,0.217,0.0030304514737472805,0.2821510067114094,0.3103400000000002
Stevie Wilkerson,,,,,49.0,0.2239999999999999,361.0,0.286,,,0.211,0.0030304514737472805,0.278590243902439,0.24381999999999973
Kean Wong,,,,,,,18.0,0.1669999999999999,,,0.1939999999999999,0.0030304514737472805,0.1669999999999999,0.3077599999999997
Jahmai Jones,,,,,,,,,7.0,0.429,0.208,0.0030304514737472805,0.429,0.2527899999999997
Edwin Rios,,,,,,,56.0,0.3929999999999999,83.0,0.301,0.217,0.0030304514737472805,0.33806474820143884,0.2472799999999998
Nick Heath,,,,,,,,,18.0,0.313,0.231,0.0030304514737472805,0.313,0.26038000000000044
Domingo Leyba,,,,,,,30.0,0.367,,,0.198,0.0030304514737472805,0.367,0.22805000000000017
Todd Frazier,666.0,0.302,576.0,0.344,472.0,0.303,499.0,0.3289999999999999,172.0,0.302,0.2,0.0030304514737472805,0.3179903563941299,0.30115999999999987
Scott Schebler,282.0,0.33,531.0,0.307,430.0,0.337,95.0,0.253,1.0,0.0,0.147,0.0030304514737472805,0.3174174757281553,0.31603000000000003
Vimael Machin,,,,,,,,,71.0,0.296,0.2,0.0030304514737472805,0.296,0.2481899999999998
Cristian Pache,,,,,,,,,4.0,0.25,0.152,0.0030304514737472805,0.25,0.20582999999999985
Mickey Moniak,,,,,,,,,18.0,0.389,0.1669999999999999,0.0030304514737472805,0.389,0.32874999999999993
Albert Almora Jr.,117.0,0.308,323.0,0.3379999999999999,479.0,0.3229999999999999,363.0,0.271,34.0,0.265,0.148,0.0030304514737472805,0.30950607902735555,0.3333900000000002
Luis Campusano,,,,,,,,,4.0,0.5,0.184,0.0030304514737472805,0.5,0.21811000000000003
Cameron Maybin,391.0,0.3829999999999999,450.0,0.318,384.0,0.326,269.0,0.364,101.0,0.307,0.182,0.0030304514737472805,0.34292163009404386,0.22834999999999983
Skye Bolt,,,,,,,11.0,0.182,,,0.103,0.0030304514737472805,0.18199999999999997,0.16159999999999997
Drew Butera,133.0,0.3279999999999999,177.0,0.284,182.0,0.264,49.0,0.2289999999999999,43.0,0.19,0.091,0.0030304514737472805,0.2762517123287671,0.1832499999999998
